{
  "precision@10": 0.7666666666666666,
  "novelty@10": 1.0,
  "diversity@10": 0.460517019033432
}